id,user_name,image_url,post_url
osayu912abc_1,osayu912abc,https://images.wear2.jp/coordinate/EJiWRaL/mgRzEjoq/1743670803_276.jpg,https://wear.jp/osayu912abc/25211440/
osayu912abc_2,osayu912abc,https://images.wear2.jp/coordinate/EJiWRaL/lYKl8nZG/1743556748_276.jpg,https://wear.jp/osayu912abc/25206880/
osayu912abc_3,osayu912abc,https://images.wear2.jp/coordinate/EJiWRaL/sO4Ym7QX/1743470054_276.jpg,https://wear.jp/osayu912abc/25204077/
osayu912abc_4,osayu912abc,https://images.wear2.jp/coordinate/EJiWRaL/3wKqMlXy/1742865944_276.jpg,https://wear.jp/osayu912abc/25179786/
osayu912abc_5,osayu912abc,https://images.wear2.jp/coordinate/EJiWRaL/MhhhJ7XL/1742522057_276.jpg,https://wear.jp/osayu912abc/25165332/
osayu912abc_6,osayu912abc,https://images.wear2.jp/coordinate/EJiWRaL/kHBI6HMC/1742348017_276.jpg,https://wear.jp/osayu912abc/25158500/
osayu912abc_7,osayu912abc,https://images.wear2.jp/coordinate/EJiWRaL/DVsWVxi4/1742176607_276.jpg,https://wear.jp/osayu912abc/25152061/
osayu912abc_8,osayu912abc,https://images.wear2.jp/coordinate/EJiWRaL/Ye9noZ3f/1741930818_276.jpg,https://wear.jp/osayu912abc/25143086/
osayu912abc_9,osayu912abc,https://images.wear2.jp/coordinate/EJiWRaL/iD1qHQdM/1741829193_276.jpg,https://wear.jp/osayu912abc/25139089/
osayu912abc_10,osayu912abc,https://images.wear2.jp/coordinate/EJiWRaL/V7AGErnu/1741744203_276.jpg,https://wear.jp/osayu912abc/25135713/
osayu912abc_11,osayu912abc,https://images.wear2.jp/coordinate/EJiWRaL/IuMIuFWa/1741656924_276.jpg,https://wear.jp/osayu912abc/25132504/
osayu912abc_12,osayu912abc,https://images.wear2.jp/coordinate/EJiWRaL/JhDseS70/1741570472_276.jpg,https://wear.jp/osayu912abc/25129250/
osayu912abc_13,osayu912abc,https://images.wear2.jp/coordinate/EJiWRaL/pmoS8Myc/1741313650_276.jpg,https://wear.jp/osayu912abc/25120184/
osayu912abc_14,osayu912abc,https://images.wear2.jp/coordinate/EJiWRaL/eKvgwKKf/1741238237_276.jpg,https://wear.jp/osayu912abc/25117379/
osayu912abc_15,osayu912abc,https://images.wear2.jp/coordinate/EJiWRaL/Dsipq1xn/1741050772_276.jpg,https://wear.jp/osayu912abc/25110790/
osayu912abc_16,osayu912abc,https://images.wear2.jp/coordinate/EJiWRaL/evlX488e/1740965318_276.jpg,https://wear.jp/osayu912abc/25107976/
osayu912abc_17,osayu912abc,https://images.wear2.jp/coordinate/EJiWRaL/U8E6ngw0/1740883306_276.jpg,https://wear.jp/osayu912abc/25104983/
osayu912abc_18,osayu912abc,https://images.wear2.jp/coordinate/EJiWRaL/jYGfAtAz/1740208748_276.jpg,https://wear.jp/osayu912abc/25080033/
osayu912abc_19,osayu912abc,https://images.wear2.jp/coordinate/EJiWRaL/iHjlGf4K/1739927899_276.jpg,https://wear.jp/osayu912abc/25069864/
osayu912abc_20,osayu912abc,https://images.wear2.jp/coordinate/EJiWRaL/QEtSSwmK/1739757214_276.jpg,https://wear.jp/osayu912abc/25063914/
osayu912abc_21,osayu912abc,https://images.wear2.jp/coordinate/EJiWRaL/DPTt1C2B/1739496481_276.jpg,https://wear.jp/osayu912abc/25053685/
osayu912abc_22,osayu912abc,https://images.wear2.jp/coordinate/EJiWRaL/4y4FZn3O/1739323064_276.jpg,https://wear.jp/osayu912abc/25047203/
osayu912abc_23,osayu912abc,https://images.wear2.jp/coordinate/EJiWRaL/VVKncqIQ/1739236604_276.jpg,https://wear.jp/osayu912abc/25044243/
osayu912abc_24,osayu912abc,https://images.wear2.jp/coordinate/EJiWRaL/ONcRNMR2/1739149042_276.jpg,https://wear.jp/osayu912abc/25040469/
osayu912abc_25,osayu912abc,https://images.wear2.jp/coordinate/EJiWRaL/wqrfynzO/1739066789_276.jpg,https://wear.jp/osayu912abc/25038134/
osayu912abc_26,osayu912abc,https://images.wear2.jp/coordinate/EJiWRaL/g52gGesB/1738977137_276.jpg,https://wear.jp/osayu912abc/25034869/
osayu912abc_27,osayu912abc,https://images.wear2.jp/coordinate/EJiWRaL/jMentG8A/1738646015_276.jpg,https://wear.jp/osayu912abc/25023068/
osayu912abc_28,osayu912abc,https://images.wear2.jp/coordinate/EJiWRaL/GyckuCAv/1738547471_276.jpg,https://wear.jp/osayu912abc/25019442/
osayu912abc_29,osayu912abc,https://images.wear2.jp/coordinate/EJiWRaL/jDm7XECz/1737786779_276.jpg,https://wear.jp/osayu912abc/24990612/
osayu912abc_30,osayu912abc,https://images.wear2.jp/coordinate/EJiWRaL/Ipt3a6Xf/1737682894_276.jpg,https://wear.jp/osayu912abc/24986517/
osayu912abc_31,osayu912abc,https://images.wear2.jp/coordinate/EJiWRaL/6OOtB7V6/1737605552_276.jpg,https://wear.jp/osayu912abc/24983688/
osayu912abc_32,osayu912abc,https://images.wear2.jp/coordinate/EJiWRaL/yM9rJNJH/1737074306_276.jpg,https://wear.jp/osayu912abc/24964785/
osayu912abc_33,osayu912abc,https://images.wear2.jp/coordinate/EJiWRaL/pP8nfvRQ/1736905721_276.jpg,https://wear.jp/osayu912abc/24959344/
osayu912abc_34,osayu912abc,https://images.wear2.jp/coordinate/EJiWRaL/EBuLYZHg/1736828617_276.jpg,https://wear.jp/osayu912abc/24956684/
osayu912abc_35,osayu912abc,https://images.wear2.jp/coordinate/EJiWRaL/sdhXUl7O/1736732670_276.jpg,https://wear.jp/osayu912abc/24953709/
osayu912abc_36,osayu912abc,https://images.wear2.jp/coordinate/EJiWRaL/wO4UTgiv/1736670053_276.jpg,https://wear.jp/osayu912abc/24951832/
osayu912abc_37,osayu912abc,https://images.wear2.jp/coordinate/EJiWRaL/vUcxDHxU/1736477904_276.jpg,https://wear.jp/osayu912abc/24945653/
osayu912abc_38,osayu912abc,https://images.wear2.jp/coordinate/EJiWRaL/znoGDWE1/1736398811_276.jpg,https://wear.jp/osayu912abc/24942832/
osayu912abc_39,osayu912abc,https://images.wear2.jp/coordinate/EJiWRaL/tctya1lJ/1736317523_276.jpg,https://wear.jp/osayu912abc/24940173/
osayu912abc_40,osayu912abc,https://images.wear2.jp/coordinate/EJiWRaL/9F2kY3VG/1735284624_276.jpg,https://wear.jp/osayu912abc/24911419/
osayu912abc_41,osayu912abc,https://images.wear2.jp/coordinate/EJiWRaL/hyTZc3OW/1735194208_276.jpg,https://wear.jp/osayu912abc/24908129/
osayu912abc_42,osayu912abc,https://images.wear2.jp/coordinate/EJiWRaL/2unj47T0/1735000465_276.jpg,https://wear.jp/osayu912abc/24901102/
osayu912abc_43,osayu912abc,https://images.wear2.jp/coordinate/EJiWRaL/wOfPFm0r/1734950215_276.jpg,https://wear.jp/osayu912abc/24900170/
osayu912abc_44,osayu912abc,https://images.wear2.jp/coordinate/EJiWRaL/v3CMzY58/1734912975_276.jpg,https://wear.jp/osayu912abc/24897901/
osayu912abc_45,osayu912abc,https://images.wear2.jp/coordinate/EJiWRaL/wGvYHHQZ/1734843899_276.jpg,https://wear.jp/osayu912abc/24896224/
osayu912abc_46,osayu912abc,https://images.wear2.jp/coordinate/EJiWRaL/yli8jA5k/1734843636_276.jpg,https://wear.jp/osayu912abc/24896217/
osayu912abc_47,osayu912abc,https://images.wear2.jp/coordinate/EJiWRaL/ufyOzRvx/1734688039_276.jpg,https://wear.jp/osayu912abc/24891513/
osayu912abc_48,osayu912abc,https://images.wear2.jp/coordinate/EJiWRaL/OSi5yc0E/1734089368_276.jpg,https://wear.jp/osayu912abc/24870003/
osayu912abc_49,osayu912abc,https://images.wear2.jp/coordinate/EJiWRaL/TDmEAcaE/1733791175_276.jpg,https://wear.jp/osayu912abc/24857853/
osayu912abc_50,osayu912abc,https://images.wear2.jp/coordinate/EJiWRaL/oCMAdsQE/1733629994_276.jpg,https://wear.jp/osayu912abc/24852380/
osayu912abc_51,osayu912abc,https://images.wear2.jp/coordinate/EJiWRaL/72nezc4p/1733444876_276.jpg,https://wear.jp/osayu912abc/24845279/
osayu912abc_52,osayu912abc,https://images.wear2.jp/coordinate/EJiWRaL/qTIUuLBr/1733396646_276.jpg,https://wear.jp/osayu912abc/24844342/
osayu912abc_53,osayu912abc,https://images.wear2.jp/coordinate/EJiWRaL/CvpkaJd5/1732931322_276.jpg,https://wear.jp/osayu912abc/24826560/
osayu912abc_54,osayu912abc,https://images.wear2.jp/coordinate/EJiWRaL/FrscIw5x/1732869489_276.jpg,https://wear.jp/osayu912abc/24824124/
osayu912abc_55,osayu912abc,https://images.wear2.jp/coordinate/EJiWRaL/SlybGevw/1732776476_276.jpg,https://wear.jp/osayu912abc/24820249/
osayu912abc_56,osayu912abc,https://images.wear2.jp/coordinate/EJiWRaL/dmuz8FKA/1732691943_276.jpg,https://wear.jp/osayu912abc/24816886/
osayu912abc_57,osayu912abc,https://images.wear2.jp/coordinate/EJiWRaL/zYMYOM7A/1732686165_276.jpg,https://wear.jp/osayu912abc/24816589/
osayu912abc_58,osayu912abc,https://images.wear2.jp/coordinate/EJiWRaL/PnTEXyey/1732589312_276.jpg,https://wear.jp/osayu912abc/24812984/
osayu912abc_59,osayu912abc,https://images.wear2.jp/coordinate/EJiWRaL/W0KsiWKn/1732588569_276.jpg,https://wear.jp/osayu912abc/24812962/
osayu912abc_60,osayu912abc,https://images.wear2.jp/coordinate/EJiWRaL/WT59ledq/1732501970_276.jpg,https://wear.jp/osayu912abc/24809523/
