id,image_url
kyota0245_1,https://images.wear2.jp/coordinate/EJiqj7RD/4FcZe81d/1741732063_276.jpg
kyota0245_2,https://images.wear2.jp/coordinate/EJiqj7RD/5LcYJMuH/1741562824_276.jpg
kyota0245_3,https://images.wear2.jp/coordinate/EJiqj7RD/5gIISMkR/1738020908_276.jpg
kyota0245_4,https://images.wear2.jp/coordinate/EJiqj7RD/5qfP86pV/1739581903_276.jpg
kyota0245_5,https://images.wear2.jp/coordinate/EJiqj7RD/5sNd8h46/1739582163_276.jpg
kyota0245_6,https://images.wear2.jp/coordinate/EJiqj7RD/6KFsLqlo/1740438877_276.jpg
kyota0245_7,https://images.wear2.jp/coordinate/EJiqj7RD/7uzIwQ9t/1738400465_276.jpg
kyota0245_8,https://images.wear2.jp/coordinate/EJiqj7RD/8H2ledWp/1743298764_276.jpg
kyota0245_9,https://images.wear2.jp/coordinate/EJiqj7RD/8PAShSk7/1740788442_276.jpg
kyota0245_10,https://images.wear2.jp/coordinate/EJiqj7RD/8X13gxie/1741053509_276.jpg
kyota0245_11,https://images.wear2.jp/coordinate/EJiqj7RD/9ViW1P8V/1742941822_276.jpg
kyota0245_12,https://images.wear2.jp/coordinate/EJiqj7RD/AyQFo25B/1741227859_276.jpg
kyota0245_13,https://images.wear2.jp/coordinate/EJiqj7RD/FYodsNi8/1741998022_276.jpg
kyota0245_14,https://images.wear2.jp/coordinate/EJiqj7RD/GHwaGDi1/1739832938_276.jpg
kyota0245_15,https://images.wear2.jp/coordinate/EJiqj7RD/HDPNlTM3/1741157060_276.jpg
kyota0245_16,https://images.wear2.jp/coordinate/EJiqj7RD/Hc498kGr/1738975423_276.jpg
kyota0245_17,https://images.wear2.jp/coordinate/EJiqj7RD/I0hCMpco/1742513640_276.jpg
kyota0245_18,https://images.wear2.jp/coordinate/EJiqj7RD/ICmegJQl/1738975629_276.jpg
kyota0245_19,https://images.wear2.jp/coordinate/EJiqj7RD/IcCYtiPX/1740606966_276.jpg
kyota0245_20,https://images.wear2.jp/coordinate/EJiqj7RD/IyZPbsKG/1740286098_276.jpg
kyota0245_21,https://images.wear2.jp/coordinate/EJiqj7RD/JYf1wPrB/1739582661_276.jpg
kyota0245_22,https://images.wear2.jp/coordinate/EJiqj7RD/KHBjClaE/1740348791_276.jpg
kyota0245_23,https://images.wear2.jp/coordinate/EJiqj7RD/LMauDCCi/1743205163_276.jpg
kyota0245_24,https://images.wear2.jp/coordinate/EJiqj7RD/MsDO4Oc5/1738882214_276.jpg
kyota0245_25,https://images.wear2.jp/coordinate/EJiqj7RD/NJSed9L4/1738975277_276.jpg
kyota0245_26,https://images.wear2.jp/coordinate/EJiqj7RD/NULyYbcm/1742258153_276.jpg
kyota0245_27,https://images.wear2.jp/coordinate/EJiqj7RD/NXqviVUv/1741908486_276.jpg
kyota0245_28,https://images.wear2.jp/coordinate/EJiqj7RD/QczsyS3e/1738400180_276.jpg
kyota0245_29,https://images.wear2.jp/coordinate/EJiqj7RD/SaLSO7QZ/1743379611_276.jpg
kyota0245_30,https://images.wear2.jp/coordinate/EJiqj7RD/TC8yHggm/1741645977_276.jpg
kyota0245_31,https://images.wear2.jp/coordinate/EJiqj7RD/Uv0VPLtb/1741828477_276.jpg
kyota0245_32,https://images.wear2.jp/coordinate/EJiqj7RD/V0tBPLyw/1742854976_276.jpg
kyota0245_33,https://images.wear2.jp/coordinate/EJiqj7RD/WEDJPZAG/1740555325_276.jpg
kyota0245_34,https://images.wear2.jp/coordinate/EJiqj7RD/WX9EdI4O/1739833127_276.jpg
kyota0245_35,https://images.wear2.jp/coordinate/EJiqj7RD/Xp6zaZ9X/1740959499_276.jpg
kyota0245_36,https://images.wear2.jp/coordinate/EJiqj7RD/YPxSoVEz/1743032195_276.jpg
kyota0245_37,https://images.wear2.jp/coordinate/EJiqj7RD/aoeDWATO/1738974785_276.jpg
kyota0245_38,https://images.wear2.jp/coordinate/EJiqj7RD/atEsRg9N/1742084085_276.jpg
kyota0245_39,https://images.wear2.jp/coordinate/EJiqj7RD/b3RnCV19/1738974301_276.jpg
kyota0245_40,https://images.wear2.jp/coordinate/EJiqj7RD/bkdsBlrS/1738280044_276.jpg
kyota0245_41,https://images.wear2.jp/coordinate/EJiqj7RD/bqWzK1Zo/1742164287_276.jpg
kyota0245_42,https://images.wear2.jp/coordinate/EJiqj7RD/bqlSbzSC/1742741661_276.jpg
kyota0245_43,https://images.wear2.jp/coordinate/EJiqj7RD/dGI7ExTu/1739832809_276.jpg
kyota0245_44,https://images.wear2.jp/coordinate/EJiqj7RD/dVYdOPPH/1741306251_276.jpg
kyota0245_45,https://images.wear2.jp/coordinate/EJiqj7RD/fdfzwsdq/1743482651_276.jpg
kyota0245_46,https://images.wear2.jp/coordinate/EJiqj7RD/j6XNdAvC/1740873774_276.jpg
kyota0245_47,https://images.wear2.jp/coordinate/EJiqj7RD/k0mYyTFl/1742773967_276.jpg
kyota0245_48,https://images.wear2.jp/coordinate/EJiqj7RD/mAVtDPdm/1743551018_276.jpg
kyota0245_49,https://images.wear2.jp/coordinate/EJiqj7RD/or9S3bKE/1742432475_276.jpg
kyota0245_50,https://images.wear2.jp/coordinate/EJiqj7RD/oxiUR7Ci/1738975045_276.jpg
kyota0245_51,https://images.wear2.jp/coordinate/EJiqj7RD/rd4R1nRe/1738400303_276.jpg
kyota0245_52,https://images.wear2.jp/coordinate/EJiqj7RD/v1wGzGiw/1742343526_276.jpg
kyota0245_53,https://images.wear2.jp/coordinate/EJiqj7RD/vw2rwbHq/1738400024_276.jpg
kyota0245_54,https://images.wear2.jp/coordinate/EJiqj7RD/wDsFbb8c/1743143276_276.jpg
kyota0245_55,https://images.wear2.jp/coordinate/EJiqj7RD/xmZgoWe4/1741392648_276.jpg
kyota0245_56,https://images.wear2.jp/coordinate/EJiqj7RD/xmwbyWaW/1739582836_276.jpg
kyota0245_57,https://images.wear2.jp/coordinate/EJiqj7RD/yOfCquvs/1738279696_276.jpg
kyota0245_58,https://images.wear2.jp/coordinate/EJiqj7RD/yUlsDhGj/1739835715_276.jpg
kyota0245_59,https://images.wear2.jp/coordinate/EJiqj7RD/ymQDsxvr/1738974671_276.jpg
kyota0245_60,https://images.wear2.jp/coordinate/EJiqj7RD/zJeBtnKo/1740694903_276.jpg
