id,image_url
riho0914_1,https://images.wear2.jp/coordinate/rlipwVx5/1l1IUYYz/1740833487_276.jpg
riho0914_2,https://images.wear2.jp/coordinate/rlipwVx5/4Xnl4ar5/1740833795_276.jpg
riho0914_3,https://images.wear2.jp/coordinate/rlipwVx5/4dqiL9ru/1739272585_276.jpg
riho0914_4,https://images.wear2.jp/coordinate/rlipwVx5/5Qv8dG8U/1740379220_276.jpg
riho0914_5,https://images.wear2.jp/coordinate/rlipwVx5/5XdP5oxq/1743517873_276.jpg
riho0914_6,https://images.wear2.jp/coordinate/rlipwVx5/5iLvip0S/1742715474_276.jpg
riho0914_7,https://images.wear2.jp/coordinate/rlipwVx5/60XCmj8h/1740476402_276.jpg
riho0914_8,https://images.wear2.jp/coordinate/rlipwVx5/6SCDhcu4/1740696842_276.jpg
riho0914_9,https://images.wear2.jp/coordinate/rlipwVx5/AD22yLHA/1737101857_276.jpg
riho0914_10,https://images.wear2.jp/coordinate/rlipwVx5/AcrvN7Fm/1742022868_276.jpg
riho0914_11,https://images.wear2.jp/coordinate/rlipwVx5/Ajt7cnS8/1742948143_276.jpg
riho0914_12,https://images.wear2.jp/coordinate/rlipwVx5/Bd0pgg3J/1737703331_276.jpg
riho0914_13,https://images.wear2.jp/coordinate/rlipwVx5/CM0Mw6d3/1742551397_276.jpg
riho0914_14,https://images.wear2.jp/coordinate/rlipwVx5/Cnda7ill/1739769383_276.jpg
riho0914_15,https://images.wear2.jp/coordinate/rlipwVx5/EKFqCYHT/1740833577_276.jpg
riho0914_16,https://images.wear2.jp/coordinate/rlipwVx5/GjTBiaNF/1741251719_276.jpg
riho0914_17,https://images.wear2.jp/coordinate/rlipwVx5/HEsCc1sy/1737027154_276.jpg
riho0914_18,https://images.wear2.jp/coordinate/rlipwVx5/HNXuz12p/1741402108_276.jpg
riho0914_19,https://images.wear2.jp/coordinate/rlipwVx5/MrLpvuby/1741768407_276.jpg
riho0914_20,https://images.wear2.jp/coordinate/rlipwVx5/Ni8BA7Uw/1736589821_276.jpg
riho0914_21,https://images.wear2.jp/coordinate/rlipwVx5/OAOOaT8T/1743324060_276.jpg
riho0914_22,https://images.wear2.jp/coordinate/rlipwVx5/Py0wubCF/1742862357_276.jpg
riho0914_23,https://images.wear2.jp/coordinate/rlipwVx5/QKrhTIlq/1741070794_276.jpg
riho0914_24,https://images.wear2.jp/coordinate/rlipwVx5/QkSOXcep/1742205823_276.jpg
riho0914_25,https://images.wear2.jp/coordinate/rlipwVx5/RHHmrF5S/1741160612_276.jpg
riho0914_26,https://images.wear2.jp/coordinate/rlipwVx5/RpnY32Pt/1739446711_276.jpg
riho0914_27,https://images.wear2.jp/coordinate/rlipwVx5/SYddiFm0/1739010887_276.jpg
riho0914_28,https://images.wear2.jp/coordinate/rlipwVx5/Sk5KaJWh/1738132810_276.jpg
riho0914_29,https://images.wear2.jp/coordinate/rlipwVx5/Us69aE4X/1742715393_276.jpg
riho0914_30,https://images.wear2.jp/coordinate/rlipwVx5/VXlmVyg0/1741686234_276.jpg
riho0914_31,https://images.wear2.jp/coordinate/rlipwVx5/VrNhn6oJ/1737253875_276.jpg
riho0914_32,https://images.wear2.jp/coordinate/rlipwVx5/W08lyz1A/1743563148_276.jpg
riho0914_33,https://images.wear2.jp/coordinate/rlipwVx5/XCFtZLUT/1742618539_276.jpg
riho0914_34,https://images.wear2.jp/coordinate/rlipwVx5/YUHkWRtR/1742091897_276.jpg
riho0914_35,https://images.wear2.jp/coordinate/rlipwVx5/Yi8vy61e/1742375432_276.jpg
riho0914_36,https://images.wear2.jp/coordinate/rlipwVx5/Yn9qEg9W/1743246765_276.jpg
riho0914_37,https://images.wear2.jp/coordinate/rlipwVx5/YqgoGoHu/1739532292_276.jpg
riho0914_38,https://images.wear2.jp/coordinate/rlipwVx5/a7DeX7Ca/1738324295_276.jpg
riho0914_39,https://images.wear2.jp/coordinate/rlipwVx5/b2BGUleR/1741251780_276.jpg
riho0914_40,https://images.wear2.jp/coordinate/rlipwVx5/cCk5d0ZC/1735622425_276.jpg
riho0914_41,https://images.wear2.jp/coordinate/rlipwVx5/dEwWphhh/1741611041_276.jpg
riho0914_42,https://images.wear2.jp/coordinate/rlipwVx5/fDN3vQWB/1737188717_276.jpg
riho0914_43,https://images.wear2.jp/coordinate/rlipwVx5/gVuzoAQi/1737703491_276.jpg
riho0914_44,https://images.wear2.jp/coordinate/rlipwVx5/gpM7W8DP/1743157230_276.jpg
riho0914_45,https://images.wear2.jp/coordinate/rlipwVx5/hsXXO9gu/1743032848_276.jpg
riho0914_46,https://images.wear2.jp/coordinate/rlipwVx5/iJNsx94C/1737866229_276.jpg
riho0914_47,https://images.wear2.jp/coordinate/rlipwVx5/juQYguXW/1741951618_276.jpg
riho0914_48,https://images.wear2.jp/coordinate/rlipwVx5/mHUf8c6K/1740064122_276.jpg
riho0914_49,https://images.wear2.jp/coordinate/rlipwVx5/mMUSkN3H/1740566416_276.jpg
riho0914_50,https://images.wear2.jp/coordinate/rlipwVx5/nA47P4Rw/1735212128_276.jpg
riho0914_51,https://images.wear2.jp/coordinate/rlipwVx5/pwLSGGFZ/1737101559_276.jpg
riho0914_52,https://images.wear2.jp/coordinate/rlipwVx5/qKCCyNhn/1736850892_276.jpg
riho0914_53,https://images.wear2.jp/coordinate/rlipwVx5/qmm1zpG5/1737716891_276.jpg
riho0914_54,https://images.wear2.jp/coordinate/rlipwVx5/r2WpROFN/1736579936_276.jpg
riho0914_55,https://images.wear2.jp/coordinate/rlipwVx5/rF1WLf0C/1740833668_276.jpg
riho0914_56,https://images.wear2.jp/coordinate/rlipwVx5/sGN3zpqq/1739183461_276.jpg
riho0914_57,https://images.wear2.jp/coordinate/rlipwVx5/vN42jEUo/1736088231_276.jpg
riho0914_58,https://images.wear2.jp/coordinate/rlipwVx5/wTZTJATs/1738461380_276.jpg
riho0914_59,https://images.wear2.jp/coordinate/rlipwVx5/yXIzGUnP/1742286672_276.jpg
riho0914_60,https://images.wear2.jp/coordinate/rlipwVx5/zKVRw6ix/1738727273_276.jpg
osayu912abc_1,https://images.wear2.jp/coordinate/EJiWRaL/2unj47T0/1735000465_276.jpg
osayu912abc_2,https://images.wear2.jp/coordinate/EJiWRaL/3wKqMlXy/1742865944_276.jpg
osayu912abc_3,https://images.wear2.jp/coordinate/EJiWRaL/4y4FZn3O/1739323064_276.jpg
osayu912abc_4,https://images.wear2.jp/coordinate/EJiWRaL/5nJAaYw5/1732010625_276.jpg
osayu912abc_5,https://images.wear2.jp/coordinate/EJiWRaL/6OOtB7V6/1737605552_276.jpg
osayu912abc_6,https://images.wear2.jp/coordinate/EJiWRaL/72nezc4p/1733444876_276.jpg
osayu912abc_7,https://images.wear2.jp/coordinate/EJiWRaL/9F2kY3VG/1735284624_276.jpg
osayu912abc_8,https://images.wear2.jp/coordinate/EJiWRaL/CvpkaJd5/1732931322_276.jpg
osayu912abc_9,https://images.wear2.jp/coordinate/EJiWRaL/DPTt1C2B/1739496481_276.jpg
osayu912abc_10,https://images.wear2.jp/coordinate/EJiWRaL/DVsWVxi4/1742176607_276.jpg
osayu912abc_11,https://images.wear2.jp/coordinate/EJiWRaL/Dsipq1xn/1741050772_276.jpg
osayu912abc_12,https://images.wear2.jp/coordinate/EJiWRaL/EBuLYZHg/1736828617_276.jpg
osayu912abc_13,https://images.wear2.jp/coordinate/EJiWRaL/FrscIw5x/1732869489_276.jpg
osayu912abc_14,https://images.wear2.jp/coordinate/EJiWRaL/GyckuCAv/1738547471_276.jpg
osayu912abc_15,https://images.wear2.jp/coordinate/EJiWRaL/Ipt3a6Xf/1737682894_276.jpg
osayu912abc_16,https://images.wear2.jp/coordinate/EJiWRaL/IuMIuFWa/1741656924_276.jpg
osayu912abc_17,https://images.wear2.jp/coordinate/EJiWRaL/JhDseS70/1741570472_276.jpg
osayu912abc_18,https://images.wear2.jp/coordinate/EJiWRaL/MhhhJ7XL/1742522057_276.jpg
osayu912abc_19,https://images.wear2.jp/coordinate/EJiWRaL/ONcRNMR2/1739149042_276.jpg
osayu912abc_20,https://images.wear2.jp/coordinate/EJiWRaL/OSi5yc0E/1734089368_276.jpg
osayu912abc_21,https://images.wear2.jp/coordinate/EJiWRaL/PnTEXyey/1732589312_276.jpg
osayu912abc_22,https://images.wear2.jp/coordinate/EJiWRaL/QEtSSwmK/1739757214_276.jpg
osayu912abc_23,https://images.wear2.jp/coordinate/EJiWRaL/SlybGevw/1732776476_276.jpg
osayu912abc_24,https://images.wear2.jp/coordinate/EJiWRaL/TDmEAcaE/1733791175_276.jpg
osayu912abc_25,https://images.wear2.jp/coordinate/EJiWRaL/U8E6ngw0/1740883306_276.jpg
osayu912abc_26,https://images.wear2.jp/coordinate/EJiWRaL/V7AGErnu/1741744203_276.jpg
osayu912abc_27,https://images.wear2.jp/coordinate/EJiWRaL/VVKncqIQ/1739236604_276.jpg
osayu912abc_28,https://images.wear2.jp/coordinate/EJiWRaL/W0KsiWKn/1732588569_276.jpg
osayu912abc_29,https://images.wear2.jp/coordinate/EJiWRaL/WT59ledq/1732501970_276.jpg
osayu912abc_30,https://images.wear2.jp/coordinate/EJiWRaL/Ye9noZ3f/1741930818_276.jpg
osayu912abc_31,https://images.wear2.jp/coordinate/EJiWRaL/dmuz8FKA/1732691943_276.jpg
osayu912abc_32,https://images.wear2.jp/coordinate/EJiWRaL/eKvgwKKf/1741238237_276.jpg
osayu912abc_33,https://images.wear2.jp/coordinate/EJiWRaL/evlX488e/1740965318_276.jpg
osayu912abc_34,https://images.wear2.jp/coordinate/EJiWRaL/g52gGesB/1738977137_276.jpg
osayu912abc_35,https://images.wear2.jp/coordinate/EJiWRaL/hyTZc3OW/1735194208_276.jpg
osayu912abc_36,https://images.wear2.jp/coordinate/EJiWRaL/iD1qHQdM/1741829193_276.jpg
osayu912abc_37,https://images.wear2.jp/coordinate/EJiWRaL/iHjlGf4K/1739927899_276.jpg
osayu912abc_38,https://images.wear2.jp/coordinate/EJiWRaL/jDm7XECz/1737786779_276.jpg
osayu912abc_39,https://images.wear2.jp/coordinate/EJiWRaL/jMentG8A/1738646015_276.jpg
osayu912abc_40,https://images.wear2.jp/coordinate/EJiWRaL/jYGfAtAz/1740208748_276.jpg
osayu912abc_41,https://images.wear2.jp/coordinate/EJiWRaL/kHBI6HMC/1742348017_276.jpg
osayu912abc_42,https://images.wear2.jp/coordinate/EJiWRaL/lYKl8nZG/1743556748_276.jpg
osayu912abc_43,https://images.wear2.jp/coordinate/EJiWRaL/oCMAdsQE/1733629994_276.jpg
osayu912abc_44,https://images.wear2.jp/coordinate/EJiWRaL/pP8nfvRQ/1736905721_276.jpg
osayu912abc_45,https://images.wear2.jp/coordinate/EJiWRaL/pmoS8Myc/1741313650_276.jpg
osayu912abc_46,https://images.wear2.jp/coordinate/EJiWRaL/qTIUuLBr/1733396646_276.jpg
osayu912abc_47,https://images.wear2.jp/coordinate/EJiWRaL/sO4Ym7QX/1743470054_276.jpg
osayu912abc_48,https://images.wear2.jp/coordinate/EJiWRaL/sdhXUl7O/1736732670_276.jpg
osayu912abc_49,https://images.wear2.jp/coordinate/EJiWRaL/tctya1lJ/1736317523_276.jpg
osayu912abc_50,https://images.wear2.jp/coordinate/EJiWRaL/ufyOzRvx/1734688039_276.jpg
osayu912abc_51,https://images.wear2.jp/coordinate/EJiWRaL/v3CMzY58/1734912975_276.jpg
osayu912abc_52,https://images.wear2.jp/coordinate/EJiWRaL/vUcxDHxU/1736477904_276.jpg
osayu912abc_53,https://images.wear2.jp/coordinate/EJiWRaL/wGvYHHQZ/1734843899_276.jpg
osayu912abc_54,https://images.wear2.jp/coordinate/EJiWRaL/wO4UTgiv/1736670053_276.jpg
osayu912abc_55,https://images.wear2.jp/coordinate/EJiWRaL/wOfPFm0r/1734950215_276.jpg
osayu912abc_56,https://images.wear2.jp/coordinate/EJiWRaL/wqrfynzO/1739066789_276.jpg
osayu912abc_57,https://images.wear2.jp/coordinate/EJiWRaL/yM9rJNJH/1737074306_276.jpg
osayu912abc_58,https://images.wear2.jp/coordinate/EJiWRaL/yli8jA5k/1734843636_276.jpg
osayu912abc_59,https://images.wear2.jp/coordinate/EJiWRaL/zYMYOM7A/1732686165_276.jpg
osayu912abc_60,https://images.wear2.jp/coordinate/EJiWRaL/znoGDWE1/1736398811_276.jpg
sensenakajima_1,https://images.wear2.jp/coordinate/Mni73lOw/1urLfW0K/1741013757_276.jpg
sensenakajima_2,https://images.wear2.jp/coordinate/Mni73lOw/2NPif8kC/1740065519_276.jpg
sensenakajima_3,https://images.wear2.jp/coordinate/Mni73lOw/2SnljosX/1739542274_276.jpg
sensenakajima_4,https://images.wear2.jp/coordinate/Mni73lOw/38tayAMD/1740149958_276.jpg
sensenakajima_5,https://images.wear2.jp/coordinate/Mni73lOw/3HDfZ535/1740581852_276.jpg
sensenakajima_6,https://images.wear2.jp/coordinate/Mni73lOw/3m3jDbjC/1741531535_276.jpg
sensenakajima_7,https://images.wear2.jp/coordinate/Mni73lOw/41iXPhOW/1738248526_276.jpg
sensenakajima_8,https://images.wear2.jp/coordinate/Mni73lOw/4f560grP/1743172408_276.jpg
sensenakajima_9,https://images.wear2.jp/coordinate/Mni73lOw/5sPDtACh/1742568493_276.jpg
sensenakajima_10,https://images.wear2.jp/coordinate/Mni73lOw/63RUHK7W/1741256932_276.jpg
sensenakajima_11,https://images.wear2.jp/coordinate/Mni73lOw/6do6pKoY/1742652879_276.jpg
sensenakajima_12,https://images.wear2.jp/coordinate/Mni73lOw/8LzWMuwD/1738766694_276.jpg
sensenakajima_13,https://images.wear2.jp/coordinate/Mni73lOw/8XNVrX6h/1738324265_276.jpg
sensenakajima_14,https://images.wear2.jp/coordinate/Mni73lOw/AjwsmZ8V/1741877679_276.jpg
sensenakajima_15,https://images.wear2.jp/coordinate/Mni73lOw/ByLeV2U7/1742827415_276.jpg
sensenakajima_16,https://images.wear2.jp/coordinate/Mni73lOw/CO4KmLGI/1743260069_276.jpg
sensenakajima_17,https://images.wear2.jp/coordinate/Mni73lOw/DSXtSJei/1740408011_276.jpg
sensenakajima_18,https://images.wear2.jp/coordinate/Mni73lOw/DUQ3aKhY/1738331718_276.jpg
sensenakajima_19,https://images.wear2.jp/coordinate/Mni73lOw/DqhzZwu7/1742308342_276.jpg
sensenakajima_20,https://images.wear2.jp/coordinate/Mni73lOw/DrX4X74c/1741698781_276.jpg
sensenakajima_21,https://images.wear2.jp/coordinate/Mni73lOw/E2r9gO6L/1739452203_276.jpg
sensenakajima_22,https://images.wear2.jp/coordinate/Mni73lOw/ErAIHske/1738228622_276.jpg
sensenakajima_23,https://images.wear2.jp/coordinate/Mni73lOw/G6N4UaEr/1740494157_276.jpg
sensenakajima_24,https://images.wear2.jp/coordinate/Mni73lOw/HMXB3OKP/1738589756_276.jpg
sensenakajima_25,https://images.wear2.jp/coordinate/Mni73lOw/HPCnRdfs/1738503977_276.jpg
sensenakajima_26,https://images.wear2.jp/coordinate/Mni73lOw/J0wuG3N6/1738681160_276.jpg
sensenakajima_27,https://images.wear2.jp/coordinate/Mni73lOw/Jmy3PV2X/1737904359_276.jpg
sensenakajima_28,https://images.wear2.jp/coordinate/Mni73lOw/K9dufK59/1739803937_276.jpg
sensenakajima_29,https://images.wear2.jp/coordinate/Mni73lOw/LkoAOoGi/1738421187_276.jpg
sensenakajima_30,https://images.wear2.jp/coordinate/Mni73lOw/Nmnq0Qy2/1741097191_276.jpg
sensenakajima_31,https://images.wear2.jp/coordinate/Mni73lOw/ODUvbVm9/1739975739_276.jpg
sensenakajima_32,https://images.wear2.jp/coordinate/Mni73lOw/Pm1OUB5R/1743431359_276.jpg
sensenakajima_33,https://images.wear2.jp/coordinate/Mni73lOw/PznIQC6d/1739112889_276.jpg
sensenakajima_34,https://images.wear2.jp/coordinate/Mni73lOw/SGlbNsFD/1741617916_276.jpg
sensenakajima_35,https://images.wear2.jp/coordinate/Mni73lOw/UcajI73U/1737637589_276.jpg
sensenakajima_36,https://images.wear2.jp/coordinate/Mni73lOw/W3ldGf9I/1738075066_276.jpg
sensenakajima_37,https://images.wear2.jp/coordinate/Mni73lOw/WJeKSe9y/1739711316_276.jpg
sensenakajima_38,https://images.wear2.jp/coordinate/Mni73lOw/WVrQ8Vmp/1738157266_276.jpg
sensenakajima_39,https://images.wear2.jp/coordinate/Mni73lOw/WkqE80BR/1737712396_276.jpg
sensenakajima_40,https://images.wear2.jp/coordinate/Mni73lOw/Wp6kroAQ/1743519839_276.jpg
sensenakajima_41,https://images.wear2.jp/coordinate/Mni73lOw/ZbNgoRqu/1739283881_276.jpg
sensenakajima_42,https://images.wear2.jp/coordinate/Mni73lOw/Zkg6vDjM/1738852303_276.jpg
sensenakajima_43,https://images.wear2.jp/coordinate/Mni73lOw/ZlQXc8MK/1743085943_276.jpg
sensenakajima_44,https://images.wear2.jp/coordinate/Mni73lOw/aRW3S9Zb/1739889975_276.jpg
sensenakajima_45,https://images.wear2.jp/coordinate/Mni73lOw/ax1DD14E/1739026219_276.jpg
sensenakajima_46,https://images.wear2.jp/coordinate/Mni73lOw/cN0xMw8d/1741186433_276.jpg
sensenakajima_47,https://images.wear2.jp/coordinate/Mni73lOw/eFr80bcc/1739199559_276.jpg
sensenakajima_48,https://images.wear2.jp/coordinate/Mni73lOw/eLqhyRD9/1737987415_276.jpg
sensenakajima_49,https://images.wear2.jp/coordinate/Mni73lOw/f5lFTyPu/1737814952_276.jpg
sensenakajima_50,https://images.wear2.jp/coordinate/Mni73lOw/innB5SWp/1739368688_276.jpg
sensenakajima_51,https://images.wear2.jp/coordinate/Mni73lOw/j84Pfx0q/1743000734_276.jpg
sensenakajima_52,https://images.wear2.jp/coordinate/Mni73lOw/jlcSzVg6/1742738892_276.jpg
sensenakajima_53,https://images.wear2.jp/coordinate/Mni73lOw/kAcoCEP1/1740836441_276.jpg
sensenakajima_54,https://images.wear2.jp/coordinate/Mni73lOw/kh2h9i2i/1743346139_276.jpg
sensenakajima_55,https://images.wear2.jp/coordinate/Mni73lOw/lL128phI/1740320547_276.jpg
sensenakajima_56,https://images.wear2.jp/coordinate/Mni73lOw/lPlqh2OV/1742222666_276.jpg
sensenakajima_57,https://images.wear2.jp/coordinate/Mni73lOw/mctnD2tL/1741790743_276.jpg
sensenakajima_58,https://images.wear2.jp/coordinate/Mni73lOw/rTkW4NpG/1740916400_276.jpg
sensenakajima_59,https://images.wear2.jp/coordinate/Mni73lOw/vKgLeYKX/1741352228_276.jpg
sensenakajima_60,https://images.wear2.jp/coordinate/Mni73lOw/xVndNsjh/1740667680_276.jpg
kuruminn61_1,https://images.wear2.jp/coordinate/7binY4xl/0BQfjhVh/1739009883_276.jpg
kuruminn61_2,https://images.wear2.jp/coordinate/7binY4xl/19D3LDUP/1731594316_276.jpg
kuruminn61_3,https://images.wear2.jp/coordinate/7binY4xl/3LiAMQUO/1733571715_276.jpg
kuruminn61_4,https://images.wear2.jp/coordinate/7binY4xl/3bxnRfco/1738729102_276.jpg
kuruminn61_5,https://images.wear2.jp/coordinate/7binY4xl/63YHfr1H/1743573518_276.jpg
kuruminn61_6,https://images.wear2.jp/coordinate/7binY4xl/63eUOry9/1736842595_276.jpg
kuruminn61_7,https://images.wear2.jp/coordinate/7binY4xl/6CF9E4xG/1734578221_276.jpg
kuruminn61_8,https://images.wear2.jp/coordinate/7binY4xl/71t1e74w/1742980818_276.jpg
kuruminn61_9,https://images.wear2.jp/coordinate/7binY4xl/8zmMG7a4/1734578569_276.jpg
kuruminn61_10,https://images.wear2.jp/coordinate/7binY4xl/9i2rxMR7/1734158705_276.jpg
kuruminn61_11,https://images.wear2.jp/coordinate/7binY4xl/AjLChbm8/1742207948_276.jpg
kuruminn61_12,https://images.wear2.jp/coordinate/7binY4xl/AldKOvHV/1738729355_276.jpg
kuruminn61_13,https://images.wear2.jp/coordinate/7binY4xl/B9tnlwDR/1742552709_276.jpg
kuruminn61_14,https://images.wear2.jp/coordinate/7binY4xl/BaQdqSke/1734787632_276.jpg
kuruminn61_15,https://images.wear2.jp/coordinate/7binY4xl/CzX6ChDc/1741929271_276.jpg
kuruminn61_16,https://images.wear2.jp/coordinate/7binY4xl/HTegFcyL/1741419063_276.jpg
kuruminn61_17,https://images.wear2.jp/coordinate/7binY4xl/ILn8zKWB/1734951742_276.jpg
kuruminn61_18,https://images.wear2.jp/coordinate/7binY4xl/Jc1IkV58/1736065914_276.jpg
kuruminn61_19,https://images.wear2.jp/coordinate/7binY4xl/L0YDXlEc/1737473359_276.jpg
kuruminn61_20,https://images.wear2.jp/coordinate/7binY4xl/L2nx8Egp/1738059677_276.jpg
kuruminn61_21,https://images.wear2.jp/coordinate/7binY4xl/M7WhnPLV/1731497358_276.jpg
kuruminn61_22,https://images.wear2.jp/coordinate/7binY4xl/MC6Ztyeo/1742030167_276.jpg
kuruminn61_23,https://images.wear2.jp/coordinate/7binY4xl/MW0mVWd9/1733231720_276.jpg
kuruminn61_24,https://images.wear2.jp/coordinate/7binY4xl/Mu129nux/1736511568_276.jpg
kuruminn61_25,https://images.wear2.jp/coordinate/7binY4xl/N9FWYhp4/1731594545_276.jpg
kuruminn61_26,https://images.wear2.jp/coordinate/7binY4xl/NImTUe34/1739628238_276.jpg
kuruminn61_27,https://images.wear2.jp/coordinate/7binY4xl/OmoamLUY/1731594920_276.jpg
kuruminn61_28,https://images.wear2.jp/coordinate/7binY4xl/Q8WCLLcj/1742650779_276.jpg
kuruminn61_29,https://images.wear2.jp/coordinate/7binY4xl/QEV6cjkr/1732275750_276.jpg
kuruminn61_30,https://images.wear2.jp/coordinate/7binY4xl/QcfiaZKu/1741937048_276.jpg
kuruminn61_31,https://images.wear2.jp/coordinate/7binY4xl/RqS16ROw/1732196312_276.jpg
kuruminn61_32,https://images.wear2.jp/coordinate/7binY4xl/T44wxy4U/1738832605_276.jpg
kuruminn61_33,https://images.wear2.jp/coordinate/7binY4xl/UXzOVSRa/1742737784_276.jpg
kuruminn61_34,https://images.wear2.jp/coordinate/7binY4xl/VACSQkqQ/1738832889_276.jpg
kuruminn61_35,https://images.wear2.jp/coordinate/7binY4xl/XPYjDL0i/1734787390_276.jpg
kuruminn61_36,https://images.wear2.jp/coordinate/7binY4xl/YmREVggA/1733308622_276.jpg
kuruminn61_37,https://images.wear2.jp/coordinate/7binY4xl/a4UDLzYH/1742382219_276.jpg
kuruminn61_38,https://images.wear2.jp/coordinate/7binY4xl/aSRzuF6c/1737473783_276.jpg
kuruminn61_39,https://images.wear2.jp/coordinate/7binY4xl/bsxWN4cx/1735984145_276.jpg
kuruminn61_40,https://images.wear2.jp/coordinate/7binY4xl/cMRxsvYJ/1735910633_276.jpg
kuruminn61_41,https://images.wear2.jp/coordinate/7binY4xl/cPNTz0Lg/1737690130_276.jpg
kuruminn61_42,https://images.wear2.jp/coordinate/7binY4xl/dKHaFjUg/1737016337_276.jpg
kuruminn61_43,https://images.wear2.jp/coordinate/7binY4xl/eUfmRfDu/1739122418_276.jpg
kuruminn61_44,https://images.wear2.jp/coordinate/7binY4xl/gDW9xJjf/1737205157_276.jpg
kuruminn61_45,https://images.wear2.jp/coordinate/7binY4xl/gnEhdl3W/1739032424_276.jpg
kuruminn61_46,https://images.wear2.jp/coordinate/7binY4xl/ixAaYuNp/1738930265_276.jpg
kuruminn61_47,https://images.wear2.jp/coordinate/7binY4xl/lOhqEfRC/1733410795_276.jpg
kuruminn61_48,https://images.wear2.jp/coordinate/7binY4xl/llRY0hYD/1732117817_276.jpg
kuruminn61_49,https://images.wear2.jp/coordinate/7binY4xl/m0utOUG3/1736329546_276.jpg
kuruminn61_50,https://images.wear2.jp/coordinate/7binY4xl/p7Nz8CJb/1739345357_276.jpg
kuruminn61_51,https://images.wear2.jp/coordinate/7binY4xl/pycDyA9S/1739612033_276.jpg
kuruminn61_52,https://images.wear2.jp/coordinate/7binY4xl/rbMmeNnK/1739029838_276.jpg
kuruminn61_53,https://images.wear2.jp/coordinate/7binY4xl/sJf9oCzL/1742981318_276.jpg
kuruminn61_54,https://images.wear2.jp/coordinate/7binY4xl/uAkXbtk2/1733060262_276.jpg
kuruminn61_55,https://images.wear2.jp/coordinate/7binY4xl/vFc2oHst/1742207469_276.jpg
kuruminn61_56,https://images.wear2.jp/coordinate/7binY4xl/wKXyzZVh/1738832344_276.jpg
kuruminn61_57,https://images.wear2.jp/coordinate/7binY4xl/wpINyeGM/1739121990_276.jpg
kuruminn61_58,https://images.wear2.jp/coordinate/7binY4xl/z7FpHdwK/1742367563_276.jpg
kuruminn61_59,https://images.wear2.jp/coordinate/7binY4xl/zRN4fRrj/1738954431_276.jpg
kuruminn61_60,https://images.wear2.jp/coordinate/7binY4xl/zgKHVYWp/1732106190_276.jpg
tyomoki_1,https://images.wear2.jp/coordinate/8BiX8WOY/16YH1rxv/1719697974_276.jpg
tyomoki_2,https://images.wear2.jp/coordinate/8BiX8WOY/1vvhat0k/1721856719_276.jpg
tyomoki_3,https://images.wear2.jp/coordinate/8BiX8WOY/2x8UhS7Y/1727392999_276.jpg
tyomoki_4,https://images.wear2.jp/coordinate/8BiX8WOY/3ELUAMDZ/1727992429_276.jpg
tyomoki_5,https://images.wear2.jp/coordinate/8BiX8WOY/3jYefUOb/1724992257_276.jpg
tyomoki_6,https://images.wear2.jp/coordinate/8BiX8WOY/5WjMTItg/1723178460_276.jpg
tyomoki_7,https://images.wear2.jp/coordinate/8BiX8WOY/7R7Flnho/1726611137_276.jpg
tyomoki_8,https://images.wear2.jp/coordinate/8BiX8WOY/7cRmpkSw/1715556047_276.jpg
tyomoki_9,https://images.wear2.jp/coordinate/8BiX8WOY/7tsjQX7X/1732978073_276.jpg
tyomoki_10,https://images.wear2.jp/coordinate/8BiX8WOY/8qrWK78K/1732978287_276.jpg
tyomoki_11,https://images.wear2.jp/coordinate/8BiX8WOY/9uQzW2Am/1723089276_276.jpg
tyomoki_12,https://images.wear2.jp/coordinate/8BiX8WOY/A76dsHDW/1729982218_276.jpg
tyomoki_13,https://images.wear2.jp/coordinate/8BiX8WOY/BwO5301c/1732978389_276.jpg
tyomoki_14,https://images.wear2.jp/coordinate/8BiX8WOY/CGYilNz8/1727838609_276.jpg
tyomoki_15,https://images.wear2.jp/coordinate/8BiX8WOY/CjtkLe59/1726105766_276.jpg
tyomoki_16,https://images.wear2.jp/coordinate/8BiX8WOY/Dv4GY5m3/1725837217_276.jpg
tyomoki_17,https://images.wear2.jp/coordinate/8BiX8WOY/HhDzjNTW/1728622802_276.jpg
tyomoki_18,https://images.wear2.jp/coordinate/8BiX8WOY/I4Yf5COQ/1727599600_276.jpg
tyomoki_19,https://images.wear2.jp/coordinate/8BiX8WOY/KYimQEoI/1726800933_276.jpg
tyomoki_20,https://images.wear2.jp/coordinate/8BiX8WOY/L5euuZ4F/1716338931_276.jpg
tyomoki_21,https://images.wear2.jp/coordinate/8BiX8WOY/L9kTmM1p/1724148768_276.jpg
tyomoki_22,https://images.wear2.jp/coordinate/8BiX8WOY/LwWq1RT0/1723517809_276.jpg
tyomoki_23,https://images.wear2.jp/coordinate/8BiX8WOY/MPB0htNt/1725757037_276.jpg
tyomoki_24,https://images.wear2.jp/coordinate/8BiX8WOY/MQ5OPXiO/1732978495_276.jpg
tyomoki_25,https://images.wear2.jp/coordinate/8BiX8WOY/MqQwia8x/1728778844_276.jpg
tyomoki_26,https://images.wear2.jp/coordinate/8BiX8WOY/NXiZ6652/1726464741_276.jpg
tyomoki_27,https://images.wear2.jp/coordinate/8BiX8WOY/QZcob7e1/1730357816_276.jpg
tyomoki_28,https://images.wear2.jp/coordinate/8BiX8WOY/QfFP6IlC/1726178724_276.jpg
tyomoki_29,https://images.wear2.jp/coordinate/8BiX8WOY/ShGCYGgY/1728097232_276.jpg
tyomoki_30,https://images.wear2.jp/coordinate/8BiX8WOY/ZXwK4VY0/1732978676_276.jpg
tyomoki_31,https://images.wear2.jp/coordinate/8BiX8WOY/ZjiCJtma/1732978159_276.jpg
tyomoki_32,https://images.wear2.jp/coordinate/8BiX8WOY/bqscwtXO/1730357569_276.jpg
tyomoki_33,https://images.wear2.jp/coordinate/8BiX8WOY/cOJ2tCCt/1732399272_276.jpg
tyomoki_34,https://images.wear2.jp/coordinate/8BiX8WOY/f6sDM6kG/1730508312_276.jpg
tyomoki_35,https://images.wear2.jp/coordinate/8BiX8WOY/gB9kawF0/1729840005_276.jpg
tyomoki_36,https://images.wear2.jp/coordinate/8BiX8WOY/hCgzTpB9/1726693385_276.jpg
tyomoki_37,https://images.wear2.jp/coordinate/8BiX8WOY/ii7GCns7/1727136562_276.jpg
tyomoki_38,https://images.wear2.jp/coordinate/8BiX8WOY/it5Cq9sQ/1727665423_276.jpg
tyomoki_39,https://images.wear2.jp/coordinate/8BiX8WOY/jf79lI60/1726010674_276.jpg
tyomoki_40,https://images.wear2.jp/coordinate/8BiX8WOY/m69tNVsh/1723717645_276.jpg
tyomoki_41,https://images.wear2.jp/coordinate/8BiX8WOY/mCuKZMsq/1730581511_276.jpg
tyomoki_42,https://images.wear2.jp/coordinate/8BiX8WOY/mjb4cday/1728251821_276.jpg
tyomoki_43,https://images.wear2.jp/coordinate/8BiX8WOY/mqorSKvE/1727051913_276.jpg
tyomoki_44,https://images.wear2.jp/coordinate/8BiX8WOY/mwzOkGXA/1724882926_276.jpg
tyomoki_45,https://images.wear2.jp/coordinate/8BiX8WOY/nh8gOC8J/1731123745_276.jpg
tyomoki_46,https://images.wear2.jp/coordinate/8BiX8WOY/oa0nafAJ/1723939764_276.jpg
tyomoki_47,https://images.wear2.jp/coordinate/8BiX8WOY/uKdZHFmY/1726546363_276.jpg
tyomoki_48,https://images.wear2.jp/coordinate/8BiX8WOY/uPCFNCTO/1717800712_276.jpg
tyomoki_49,https://images.wear2.jp/coordinate/8BiX8WOY/vMLJIaA3/1723800839_276.jpg
tyomoki_50,https://images.wear2.jp/coordinate/8BiX8WOY/wzTliXTt/1725401477_276.jpg
tyomoki_51,https://images.wear2.jp/coordinate/8BiX8WOY/ycuckSmL/1727482845_276.jpg
kyota0245_1,https://images.wear2.jp/coordinate/EJiqj7RD/4FcZe81d/1741732063_276.jpg
kyota0245_2,https://images.wear2.jp/coordinate/EJiqj7RD/5LcYJMuH/1741562824_276.jpg
kyota0245_3,https://images.wear2.jp/coordinate/EJiqj7RD/5gIISMkR/1738020908_276.jpg
kyota0245_4,https://images.wear2.jp/coordinate/EJiqj7RD/5qfP86pV/1739581903_276.jpg
kyota0245_5,https://images.wear2.jp/coordinate/EJiqj7RD/5sNd8h46/1739582163_276.jpg
kyota0245_6,https://images.wear2.jp/coordinate/EJiqj7RD/6KFsLqlo/1740438877_276.jpg
kyota0245_7,https://images.wear2.jp/coordinate/EJiqj7RD/7uzIwQ9t/1738400465_276.jpg
kyota0245_8,https://images.wear2.jp/coordinate/EJiqj7RD/8H2ledWp/1743298764_276.jpg
kyota0245_9,https://images.wear2.jp/coordinate/EJiqj7RD/8PAShSk7/1740788442_276.jpg
kyota0245_10,https://images.wear2.jp/coordinate/EJiqj7RD/8X13gxie/1741053509_276.jpg
kyota0245_11,https://images.wear2.jp/coordinate/EJiqj7RD/9ViW1P8V/1742941822_276.jpg
kyota0245_12,https://images.wear2.jp/coordinate/EJiqj7RD/AyQFo25B/1741227859_276.jpg
kyota0245_13,https://images.wear2.jp/coordinate/EJiqj7RD/FYodsNi8/1741998022_276.jpg
kyota0245_14,https://images.wear2.jp/coordinate/EJiqj7RD/GHwaGDi1/1739832938_276.jpg
kyota0245_15,https://images.wear2.jp/coordinate/EJiqj7RD/HDPNlTM3/1741157060_276.jpg
kyota0245_16,https://images.wear2.jp/coordinate/EJiqj7RD/Hc498kGr/1738975423_276.jpg
kyota0245_17,https://images.wear2.jp/coordinate/EJiqj7RD/I0hCMpco/1742513640_276.jpg
kyota0245_18,https://images.wear2.jp/coordinate/EJiqj7RD/ICmegJQl/1738975629_276.jpg
kyota0245_19,https://images.wear2.jp/coordinate/EJiqj7RD/IcCYtiPX/1740606966_276.jpg
kyota0245_20,https://images.wear2.jp/coordinate/EJiqj7RD/IyZPbsKG/1740286098_276.jpg
kyota0245_21,https://images.wear2.jp/coordinate/EJiqj7RD/JYf1wPrB/1739582661_276.jpg
kyota0245_22,https://images.wear2.jp/coordinate/EJiqj7RD/KHBjClaE/1740348791_276.jpg
kyota0245_23,https://images.wear2.jp/coordinate/EJiqj7RD/LMauDCCi/1743205163_276.jpg
kyota0245_24,https://images.wear2.jp/coordinate/EJiqj7RD/MsDO4Oc5/1738882214_276.jpg
kyota0245_25,https://images.wear2.jp/coordinate/EJiqj7RD/NJSed9L4/1738975277_276.jpg
kyota0245_26,https://images.wear2.jp/coordinate/EJiqj7RD/NULyYbcm/1742258153_276.jpg
kyota0245_27,https://images.wear2.jp/coordinate/EJiqj7RD/NXqviVUv/1741908486_276.jpg
kyota0245_28,https://images.wear2.jp/coordinate/EJiqj7RD/QczsyS3e/1738400180_276.jpg
kyota0245_29,https://images.wear2.jp/coordinate/EJiqj7RD/SaLSO7QZ/1743379611_276.jpg
kyota0245_30,https://images.wear2.jp/coordinate/EJiqj7RD/TC8yHggm/1741645977_276.jpg
kyota0245_31,https://images.wear2.jp/coordinate/EJiqj7RD/Uv0VPLtb/1741828477_276.jpg
kyota0245_32,https://images.wear2.jp/coordinate/EJiqj7RD/V0tBPLyw/1742854976_276.jpg
kyota0245_33,https://images.wear2.jp/coordinate/EJiqj7RD/WEDJPZAG/1740555325_276.jpg
kyota0245_34,https://images.wear2.jp/coordinate/EJiqj7RD/WX9EdI4O/1739833127_276.jpg
kyota0245_35,https://images.wear2.jp/coordinate/EJiqj7RD/Xp6zaZ9X/1740959499_276.jpg
kyota0245_36,https://images.wear2.jp/coordinate/EJiqj7RD/YPxSoVEz/1743032195_276.jpg
kyota0245_37,https://images.wear2.jp/coordinate/EJiqj7RD/aoeDWATO/1738974785_276.jpg
kyota0245_38,https://images.wear2.jp/coordinate/EJiqj7RD/atEsRg9N/1742084085_276.jpg
kyota0245_39,https://images.wear2.jp/coordinate/EJiqj7RD/b3RnCV19/1738974301_276.jpg
kyota0245_40,https://images.wear2.jp/coordinate/EJiqj7RD/bkdsBlrS/1738280044_276.jpg
kyota0245_41,https://images.wear2.jp/coordinate/EJiqj7RD/bqWzK1Zo/1742164287_276.jpg
kyota0245_42,https://images.wear2.jp/coordinate/EJiqj7RD/bqlSbzSC/1742741661_276.jpg
kyota0245_43,https://images.wear2.jp/coordinate/EJiqj7RD/dGI7ExTu/1739832809_276.jpg
kyota0245_44,https://images.wear2.jp/coordinate/EJiqj7RD/dVYdOPPH/1741306251_276.jpg
kyota0245_45,https://images.wear2.jp/coordinate/EJiqj7RD/fdfzwsdq/1743482651_276.jpg
kyota0245_46,https://images.wear2.jp/coordinate/EJiqj7RD/j6XNdAvC/1740873774_276.jpg
kyota0245_47,https://images.wear2.jp/coordinate/EJiqj7RD/k0mYyTFl/1742773967_276.jpg
kyota0245_48,https://images.wear2.jp/coordinate/EJiqj7RD/mAVtDPdm/1743551018_276.jpg
kyota0245_49,https://images.wear2.jp/coordinate/EJiqj7RD/or9S3bKE/1742432475_276.jpg
kyota0245_50,https://images.wear2.jp/coordinate/EJiqj7RD/oxiUR7Ci/1738975045_276.jpg
kyota0245_51,https://images.wear2.jp/coordinate/EJiqj7RD/rd4R1nRe/1738400303_276.jpg
kyota0245_52,https://images.wear2.jp/coordinate/EJiqj7RD/v1wGzGiw/1742343526_276.jpg
kyota0245_53,https://images.wear2.jp/coordinate/EJiqj7RD/vw2rwbHq/1738400024_276.jpg
kyota0245_54,https://images.wear2.jp/coordinate/EJiqj7RD/wDsFbb8c/1743143276_276.jpg
kyota0245_55,https://images.wear2.jp/coordinate/EJiqj7RD/xmZgoWe4/1741392648_276.jpg
kyota0245_56,https://images.wear2.jp/coordinate/EJiqj7RD/xmwbyWaW/1739582836_276.jpg
kyota0245_57,https://images.wear2.jp/coordinate/EJiqj7RD/yOfCquvs/1738279696_276.jpg
kyota0245_58,https://images.wear2.jp/coordinate/EJiqj7RD/yUlsDhGj/1739835715_276.jpg
kyota0245_59,https://images.wear2.jp/coordinate/EJiqj7RD/ymQDsxvr/1738974671_276.jpg
kyota0245_60,https://images.wear2.jp/coordinate/EJiqj7RD/zJeBtnKo/1740694903_276.jpg
moken_1,https://images.wear2.jp/coordinate/MninAyk4/1uOmqtq5/1732703797_276.jpg
moken_2,https://images.wear2.jp/coordinate/MninAyk4/3bHTxd4h/1738143965_276.jpg
moken_3,https://images.wear2.jp/coordinate/MninAyk4/3d4FbsSm/1731478327_276.jpg
moken_4,https://images.wear2.jp/coordinate/MninAyk4/3kyf0cfq/1730618443_276.jpg
moken_5,https://images.wear2.jp/coordinate/MninAyk4/4DndqUzA/1741152071_276.jpg
moken_6,https://images.wear2.jp/coordinate/MninAyk4/5qgi7GEt/1729242136_276.jpg
moken_7,https://images.wear2.jp/coordinate/MninAyk4/6KRbxXSY/1738918913_276.jpg
moken_8,https://images.wear2.jp/coordinate/MninAyk4/6az6Blin/1734058487_276.jpg
moken_9,https://images.wear2.jp/coordinate/MninAyk4/7rC103Ld/1734056799_276.jpg
moken_10,https://images.wear2.jp/coordinate/MninAyk4/9Wo3tgd8/1734655725_276.jpg
moken_11,https://images.wear2.jp/coordinate/MninAyk4/9ua5eJi1/1734514834_276.jpg
moken_12,https://images.wear2.jp/coordinate/MninAyk4/AXiGqLHl/1735038677_276.jpg
moken_13,https://images.wear2.jp/coordinate/MninAyk4/AbdE91SO/1743417095_276.jpg
moken_14,https://images.wear2.jp/coordinate/MninAyk4/AkNLWu5I/1731579309_276.jpg
moken_15,https://images.wear2.jp/coordinate/MninAyk4/BGGOkug3/1730871171_276.jpg
moken_16,https://images.wear2.jp/coordinate/MninAyk4/C2oPbcGb/1731413681_276.jpg
moken_17,https://images.wear2.jp/coordinate/MninAyk4/EmhShIqd/1732804600_276.jpg
moken_18,https://images.wear2.jp/coordinate/MninAyk4/EoolIVGX/1740304560_276.jpg
moken_19,https://images.wear2.jp/coordinate/MninAyk4/GEPEn04z/1740293259_276.jpg
moken_20,https://images.wear2.jp/coordinate/MninAyk4/GddlyAAf/1737161809_276.jpg
moken_21,https://images.wear2.jp/coordinate/MninAyk4/GxBTtAFm/1734386647_276.jpg
moken_22,https://images.wear2.jp/coordinate/MninAyk4/HCjDUTVS/1728866429_276.jpg
moken_23,https://images.wear2.jp/coordinate/MninAyk4/I3Rd2kMn/1729858221_276.jpg
moken_24,https://images.wear2.jp/coordinate/MninAyk4/IRMoDGQm/1734763920_276.jpg
moken_25,https://images.wear2.jp/coordinate/MninAyk4/J23OnKZB/1740822370_276.jpg
moken_26,https://images.wear2.jp/coordinate/MninAyk4/JZnEdRB3/1738229452_276.jpg
moken_27,https://images.wear2.jp/coordinate/MninAyk4/NDmO5ggf/1738750636_276.jpg
moken_28,https://images.wear2.jp/coordinate/MninAyk4/NdEXLxD0/1741945524_276.jpg
moken_29,https://images.wear2.jp/coordinate/MninAyk4/OkOiTQSQ/1737420768_276.jpg
moken_30,https://images.wear2.jp/coordinate/MninAyk4/PKjF6UhN/1737106325_276.jpg
moken_31,https://images.wear2.jp/coordinate/MninAyk4/Phmd7YN0/1738834365_276.jpg
moken_32,https://images.wear2.jp/coordinate/MninAyk4/Qm63bIEz/1742294408_276.jpg
moken_33,https://images.wear2.jp/coordinate/MninAyk4/SC5RKEhN/1742898039_276.jpg
moken_34,https://images.wear2.jp/coordinate/MninAyk4/SOVcWQQZ/1739270105_276.jpg
moken_35,https://images.wear2.jp/coordinate/MninAyk4/TdS9EaRz/1729406306_276.jpg
moken_36,https://images.wear2.jp/coordinate/MninAyk4/TkRPpyZf/1728530085_276.jpg
moken_37,https://images.wear2.jp/coordinate/MninAyk4/Tri1NOhn/1741407604_276.jpg
moken_38,https://images.wear2.jp/coordinate/MninAyk4/XfvC1l3n/1728628854_276.jpg
moken_39,https://images.wear2.jp/coordinate/MninAyk4/ZPAEJHbR/1736323517_276.jpg
moken_40,https://images.wear2.jp/coordinate/MninAyk4/dF8q8OCJ/1732613820_276.jpg
moken_41,https://images.wear2.jp/coordinate/MninAyk4/dKMvMDbH/1737711951_276.jpg
moken_42,https://images.wear2.jp/coordinate/MninAyk4/eV3Cj7GM/1739350816_276.jpg
moken_43,https://images.wear2.jp/coordinate/MninAyk4/eZUTf9Jn/1733119859_276.jpg
moken_44,https://images.wear2.jp/coordinate/MninAyk4/fIXRqoQy/1733879943_276.jpg
moken_45,https://images.wear2.jp/coordinate/MninAyk4/hKylLvQ1/1729164371_276.jpg
moken_46,https://images.wear2.jp/coordinate/MninAyk4/ildW5um2/1742365784_276.jpg
moken_47,https://images.wear2.jp/coordinate/MninAyk4/kbdS89MA/1737509212_276.jpg
moken_48,https://images.wear2.jp/coordinate/MninAyk4/l41pifrs/1741601092_276.jpg
moken_49,https://images.wear2.jp/coordinate/MninAyk4/lYPU9gPB/1733907848_276.jpg
moken_50,https://images.wear2.jp/coordinate/MninAyk4/ljOxBO9J/1739698942_276.jpg
moken_51,https://images.wear2.jp/coordinate/MninAyk4/mowOOozp/1728717498_276.jpg
moken_52,https://images.wear2.jp/coordinate/MninAyk4/n5xyTaL7/1736932943_276.jpg
moken_53,https://images.wear2.jp/coordinate/MninAyk4/pa8HtIxv/1732343525_276.jpg
moken_54,https://images.wear2.jp/coordinate/MninAyk4/pxiBANVB/1729603385_276.jpg
moken_55,https://images.wear2.jp/coordinate/MninAyk4/qqo7kguG/1743137220_276.jpg
moken_56,https://images.wear2.jp/coordinate/MninAyk4/rdz9U9hS/1737285403_276.jpg
moken_57,https://images.wear2.jp/coordinate/MninAyk4/y8t3dzoo/1740464820_276.jpg
moken_58,https://images.wear2.jp/coordinate/MninAyk4/yGufcBx9/1731896393_276.jpg
moken_59,https://images.wear2.jp/coordinate/MninAyk4/yyUEHXrS/1730179913_276.jpg
moken_60,https://images.wear2.jp/coordinate/MninAyk4/zaGfmf1h/1736155381_276.jpg
1107my_1,https://images.wear2.jp/coordinate/nZizJXW8/2dJA13QJ/1741956133_276.jpg
1107my_2,https://images.wear2.jp/coordinate/nZizJXW8/35UT2Vl3/1733660249_276.jpg
1107my_3,https://images.wear2.jp/coordinate/nZizJXW8/4SeDGnp6/1740814636_276.jpg
1107my_4,https://images.wear2.jp/coordinate/nZizJXW8/5xqKsCdZ/1732062315_276.jpg
1107my_5,https://images.wear2.jp/coordinate/nZizJXW8/6xizp3QS/1735480984_276.jpg
1107my_6,https://images.wear2.jp/coordinate/nZizJXW8/7XzUkrgu/1731164138_276.jpg
1107my_7,https://images.wear2.jp/coordinate/nZizJXW8/8UOfy4we/1735643303_276.jpg
1107my_8,https://images.wear2.jp/coordinate/nZizJXW8/A084Fqym/1732970023_276.jpg
1107my_9,https://images.wear2.jp/coordinate/nZizJXW8/A4vxwkZt/1735975513_276.jpg
1107my_10,https://images.wear2.jp/coordinate/nZizJXW8/A8wBbzQX/1738670891_276.jpg
1107my_11,https://images.wear2.jp/coordinate/nZizJXW8/ADZl9s1h/1735563450_276.jpg
1107my_12,https://images.wear2.jp/coordinate/nZizJXW8/APUYAldn/1735643057_276.jpg
1107my_13,https://images.wear2.jp/coordinate/nZizJXW8/Ak8YzPfs/1737379184_276.jpg
1107my_14,https://images.wear2.jp/coordinate/nZizJXW8/C3vTzzQZ/1739622449_276.jpg
1107my_15,https://images.wear2.jp/coordinate/nZizJXW8/CsQsLMff/1738327480_276.jpg
1107my_16,https://images.wear2.jp/coordinate/nZizJXW8/EbJn4Kjc/1736778246_276.jpg
1107my_17,https://images.wear2.jp/coordinate/nZizJXW8/Et5d4dod/1735481529_276.jpg
1107my_18,https://images.wear2.jp/coordinate/nZizJXW8/H2F2HYe6/1732720054_276.jpg
1107my_19,https://images.wear2.jp/coordinate/nZizJXW8/Hfcws9Nh/1740568067_276.jpg
1107my_20,https://images.wear2.jp/coordinate/nZizJXW8/I1Vjvb4a/1736888326_276.jpg
1107my_21,https://images.wear2.jp/coordinate/nZizJXW8/IVB71xEm/1742474814_276.jpg
1107my_22,https://images.wear2.jp/coordinate/nZizJXW8/ImhQjmq6/1731584984_276.jpg
1107my_23,https://images.wear2.jp/coordinate/nZizJXW8/JRCr4hyY/1735834363_276.jpg
1107my_24,https://images.wear2.jp/coordinate/nZizJXW8/KzhvUm2T/1740140687_276.jpg
1107my_25,https://images.wear2.jp/coordinate/nZizJXW8/M25KtAgF/1743251751_276.jpg
1107my_26,https://images.wear2.jp/coordinate/nZizJXW8/MveqmW7h/1731016484_276.jpg
1107my_27,https://images.wear2.jp/coordinate/nZizJXW8/Okq1HMob/1740752346_276.jpg
1107my_28,https://images.wear2.jp/coordinate/nZizJXW8/Qgm2dCJc/1735481288_276.jpg
1107my_29,https://images.wear2.jp/coordinate/nZizJXW8/QwPMEwbD/1737810619_276.jpg
1107my_30,https://images.wear2.jp/coordinate/nZizJXW8/SbZxUpNV/1742992109_276.jpg
1107my_31,https://images.wear2.jp/coordinate/nZizJXW8/SfMN14uG/1740312205_276.jpg
1107my_32,https://images.wear2.jp/coordinate/nZizJXW8/TLtyKwz1/1739801323_276.jpg
1107my_33,https://images.wear2.jp/coordinate/nZizJXW8/TZFAukZg/1738502904_276.jpg
1107my_34,https://images.wear2.jp/coordinate/nZizJXW8/VoPVstZP/1741706938_276.jpg
1107my_35,https://images.wear2.jp/coordinate/nZizJXW8/VvX2aq9U/1731371815_276.jpg
1107my_36,https://images.wear2.jp/coordinate/nZizJXW8/XE1foVBf/1734960290_276.jpg
1107my_37,https://images.wear2.jp/coordinate/nZizJXW8/Z14J6mOa/1732368922_276.jpg
1107my_38,https://images.wear2.jp/coordinate/nZizJXW8/adA709uO/1737555828_276.jpg
1107my_39,https://images.wear2.jp/coordinate/nZizJXW8/bWg9qRdF/1732521665_276.jpg
1107my_40,https://images.wear2.jp/coordinate/nZizJXW8/blOjlIHJ/1742042465_276.jpg
1107my_41,https://images.wear2.jp/coordinate/nZizJXW8/cRZMk0ap/1739098592_276.jpg
1107my_42,https://images.wear2.jp/coordinate/nZizJXW8/cdE7ZBiE/1738580689_276.jpg
1107my_43,https://images.wear2.jp/coordinate/nZizJXW8/dciAb9eO/1739541271_276.jpg
1107my_44,https://images.wear2.jp/coordinate/nZizJXW8/fTVxS8NT/1742377976_276.jpg
1107my_45,https://images.wear2.jp/coordinate/nZizJXW8/fcvygidE/1732138173_276.jpg
1107my_46,https://images.wear2.jp/coordinate/nZizJXW8/gpGVRKmb/1740144195_276.jpg
1107my_47,https://images.wear2.jp/coordinate/nZizJXW8/iYypIt2M/1736653034_276.jpg
1107my_48,https://images.wear2.jp/coordinate/nZizJXW8/iazHkIt3/1731760109_276.jpg
1107my_49,https://images.wear2.jp/coordinate/nZizJXW8/j9NBXlDK/1740399618_276.jpg
1107my_50,https://images.wear2.jp/coordinate/nZizJXW8/jOH0iLuj/1735643425_276.jpg
1107my_51,https://images.wear2.jp/coordinate/nZizJXW8/lLz9WmT1/1739969449_276.jpg
1107my_52,https://images.wear2.jp/coordinate/nZizJXW8/mKKd0RYe/1741338746_276.jpg
1107my_53,https://images.wear2.jp/coordinate/nZizJXW8/nuKBsqNo/1737202934_276.jpg
1107my_54,https://images.wear2.jp/coordinate/nZizJXW8/oWCkYamk/1738238826_276.jpg
1107my_55,https://images.wear2.jp/coordinate/nZizJXW8/pwYqjAts/1735834592_276.jpg
1107my_56,https://images.wear2.jp/coordinate/nZizJXW8/qkBQEzuC/1735642527_276.jpg
1107my_57,https://images.wear2.jp/coordinate/nZizJXW8/rItsLtGY/1731507034_276.jpg
1107my_58,https://images.wear2.jp/coordinate/nZizJXW8/v06z9Wv6/1743162011_276.jpg
1107my_59,https://images.wear2.jp/coordinate/nZizJXW8/v5FJXRQ3/1731423062_276.jpg
1107my_60,https://images.wear2.jp/coordinate/nZizJXW8/xQ4m3mYs/1739190943_276.jpg
misane1209_1,https://images.wear2.jp/coordinate/zaib64wl/1u0YWBFr/1741473805_276.jpg
misane1209_2,https://images.wear2.jp/coordinate/zaib64wl/3v6uDo8j/1741993684_276.jpg
misane1209_3,https://images.wear2.jp/coordinate/zaib64wl/6VrDXQdS/1739369102_276.jpg
misane1209_4,https://images.wear2.jp/coordinate/zaib64wl/8HTEVOMm/1742257674_276.jpg
misane1209_5,https://images.wear2.jp/coordinate/zaib64wl/A803Omjc/1740753204_276.jpg
misane1209_6,https://images.wear2.jp/coordinate/zaib64wl/ALLtzJMD/1740669698_276.jpg
misane1209_7,https://images.wear2.jp/coordinate/zaib64wl/C4Ei7IUV/1739602929_276.jpg
misane1209_8,https://images.wear2.jp/coordinate/zaib64wl/CIjig6DQ/1739602068_276.jpg
misane1209_9,https://images.wear2.jp/coordinate/zaib64wl/EbacM7A3/1742331835_276.jpg
misane1209_10,https://images.wear2.jp/coordinate/zaib64wl/F9SzlEOG/1740223069_276.jpg
misane1209_11,https://images.wear2.jp/coordinate/zaib64wl/FQrv6ATn/1742829585_276.jpg
misane1209_12,https://images.wear2.jp/coordinate/zaib64wl/FtyALUIS/1739603041_276.jpg
misane1209_13,https://images.wear2.jp/coordinate/zaib64wl/GGfpDEfZ/1739369634_276.jpg
misane1209_14,https://images.wear2.jp/coordinate/zaib64wl/GaY2mdhk/1739601630_276.jpg
misane1209_15,https://images.wear2.jp/coordinate/zaib64wl/HbIxI433/1741535976_276.jpg
misane1209_16,https://images.wear2.jp/coordinate/zaib64wl/IB2NxYyw/1742772420_276.jpg
misane1209_17,https://images.wear2.jp/coordinate/zaib64wl/IgbsiwzF/1743428903_276.jpg
misane1209_18,https://images.wear2.jp/coordinate/zaib64wl/Ivg6wFDo/1741618859_276.jpg
misane1209_19,https://images.wear2.jp/coordinate/zaib64wl/JRvOm74Z/1740223334_276.jpg
misane1209_20,https://images.wear2.jp/coordinate/zaib64wl/Jrw35dls/1740844657_276.jpg
misane1209_21,https://images.wear2.jp/coordinate/zaib64wl/KpvbvUnc/1742566755_276.jpg
misane1209_22,https://images.wear2.jp/coordinate/zaib64wl/L0xEheCR/1739602656_276.jpg
misane1209_23,https://images.wear2.jp/coordinate/zaib64wl/Msy4M79T/1741786712_276.jpg
misane1209_24,https://images.wear2.jp/coordinate/zaib64wl/NvEQptV0/1739405321_276.jpg
misane1209_25,https://images.wear2.jp/coordinate/zaib64wl/OUW7KwHk/1739369999_276.jpg
misane1209_26,https://images.wear2.jp/coordinate/zaib64wl/P8PgfwUW/1739603220_276.jpg
misane1209_27,https://images.wear2.jp/coordinate/zaib64wl/Q6cHhRUu/1740577442_276.jpg
misane1209_28,https://images.wear2.jp/coordinate/zaib64wl/QQGiybrY/1739405511_276.jpg
misane1209_29,https://images.wear2.jp/coordinate/zaib64wl/SnbzDtHC/1741276516_276.jpg
misane1209_30,https://images.wear2.jp/coordinate/zaib64wl/WniwQZM3/1740326122_276.jpg
misane1209_31,https://images.wear2.jp/coordinate/zaib64wl/XX7ZgTIB/1743174412_276.jpg
misane1209_32,https://images.wear2.jp/coordinate/zaib64wl/YEjSACCV/1743079778_276.jpg
misane1209_33,https://images.wear2.jp/coordinate/zaib64wl/ZBUD5z3s/1738791934_276.jpg
misane1209_34,https://images.wear2.jp/coordinate/zaib64wl/aQ1hGKNJ/1741993865_276.jpg
misane1209_35,https://images.wear2.jp/coordinate/zaib64wl/bdUkVOdd/1739370171_276.jpg
misane1209_36,https://images.wear2.jp/coordinate/zaib64wl/brq4eSuD/1743429056_276.jpg
misane1209_37,https://images.wear2.jp/coordinate/zaib64wl/cMzNyrt3/1741190013_276.jpg
misane1209_38,https://images.wear2.jp/coordinate/zaib64wl/cTD6Cp3w/1741375256_276.jpg
misane1209_39,https://images.wear2.jp/coordinate/zaib64wl/ejhwvyNz/1743265047_276.jpg
misane1209_40,https://images.wear2.jp/coordinate/zaib64wl/fzJuYgxY/1739602788_276.jpg
misane1209_41,https://images.wear2.jp/coordinate/zaib64wl/g9F3U2uo/1743429289_276.jpg
misane1209_42,https://images.wear2.jp/coordinate/zaib64wl/hoLYVM5K/1742515922_276.jpg
misane1209_43,https://images.wear2.jp/coordinate/zaib64wl/iKrq6W71/1743338627_276.jpg
misane1209_44,https://images.wear2.jp/coordinate/zaib64wl/l844AzkP/1741786750_276.jpg
misane1209_45,https://images.wear2.jp/coordinate/zaib64wl/nwdUnJrI/1738792250_276.jpg
misane1209_46,https://images.wear2.jp/coordinate/zaib64wl/pcE3o0zl/1739603134_276.jpg
misane1209_47,https://images.wear2.jp/coordinate/zaib64wl/qM6yBMS7/1739602517_276.jpg
misane1209_48,https://images.wear2.jp/coordinate/zaib64wl/qSEjENfm/1741043222_276.jpg
misane1209_49,https://images.wear2.jp/coordinate/zaib64wl/r44DXjp9/1740498602_276.jpg
misane1209_50,https://images.wear2.jp/coordinate/zaib64wl/rTbpDW5Z/1742648405_276.jpg
misane1209_51,https://images.wear2.jp/coordinate/zaib64wl/sO0amj44/1739602218_276.jpg
misane1209_52,https://images.wear2.jp/coordinate/zaib64wl/tBo6ROuB/1740927231_276.jpg
misane1209_53,https://images.wear2.jp/coordinate/zaib64wl/vW6CdT4k/1739457587_276.jpg
misane1209_54,https://images.wear2.jp/coordinate/zaib64wl/wfymP26p/1742403056_276.jpg
misane1209_55,https://images.wear2.jp/coordinate/zaib64wl/x3GLPPwK/1742939203_276.jpg
misane1209_56,https://images.wear2.jp/coordinate/zaib64wl/xBi26fEh/1742998114_276.jpg
misane1209_57,https://images.wear2.jp/coordinate/zaib64wl/xP6aECKn/1741101654_276.jpg
misane1209_58,https://images.wear2.jp/coordinate/zaib64wl/xdC0TItc/1739602347_276.jpg
misane1209_59,https://images.wear2.jp/coordinate/zaib64wl/ymvGUUnP/1738792093_276.jpg
misane1209_60,https://images.wear2.jp/coordinate/zaib64wl/zcrh8JUP/1739601759_276.jpg
yusukeogura20020903_1,https://images.wear2.jp/coordinate/zaijQaw5/2NXt5Eu1/1736592492_276.jpg
yusukeogura20020903_2,https://images.wear2.jp/coordinate/zaijQaw5/3tGTvaon/1732449123_276.jpg
yusukeogura20020903_3,https://images.wear2.jp/coordinate/zaijQaw5/455UeI1E/1732451310_276.jpg
yusukeogura20020903_4,https://images.wear2.jp/coordinate/zaijQaw5/5BC02gaN/1733975922_276.jpg
yusukeogura20020903_5,https://images.wear2.jp/coordinate/zaijQaw5/6GwkyU7S/1733649493_276.jpg
yusukeogura20020903_6,https://images.wear2.jp/coordinate/zaijQaw5/6vUPsPKJ/1731655419_276.jpg
yusukeogura20020903_7,https://images.wear2.jp/coordinate/zaijQaw5/7Rxj5URY/1737114610_276.jpg
yusukeogura20020903_8,https://images.wear2.jp/coordinate/zaijQaw5/8nTcjksU/1738555255_276.jpg
yusukeogura20020903_9,https://images.wear2.jp/coordinate/zaijQaw5/8ydMMTW1/1731325298_276.jpg
yusukeogura20020903_10,https://images.wear2.jp/coordinate/zaijQaw5/9jzmBV9y/1737191760_276.jpg
yusukeogura20020903_11,https://images.wear2.jp/coordinate/zaijQaw5/AAJmmnjx/1734222985_276.jpg
yusukeogura20020903_12,https://images.wear2.jp/coordinate/zaijQaw5/DB9umqwH/1734861071_276.jpg
yusukeogura20020903_13,https://images.wear2.jp/coordinate/zaijQaw5/Dc8OubCW/1732926740_276.jpg
yusukeogura20020903_14,https://images.wear2.jp/coordinate/zaijQaw5/DkufDYEj/1735693753_276.jpg
yusukeogura20020903_15,https://images.wear2.jp/coordinate/zaijQaw5/EL2CvhSK/1731653726_276.jpg
yusukeogura20020903_16,https://images.wear2.jp/coordinate/zaijQaw5/EPczbfVI/1731472680_276.jpg
yusukeogura20020903_17,https://images.wear2.jp/coordinate/zaijQaw5/FjUhkfB2/1732925958_276.jpg
yusukeogura20020903_18,https://images.wear2.jp/coordinate/zaijQaw5/GbvuXg3Z/1740615505_276.jpg
yusukeogura20020903_19,https://images.wear2.jp/coordinate/zaijQaw5/GcrWbSww/1739273194_276.jpg
yusukeogura20020903_20,https://images.wear2.jp/coordinate/zaijQaw5/Gg9soaSw/1735642090_276.jpg
yusukeogura20020903_21,https://images.wear2.jp/coordinate/zaijQaw5/HOZhPAUK/1736592785_276.jpg
yusukeogura20020903_22,https://images.wear2.jp/coordinate/zaijQaw5/JdzwbIAh/1732449889_276.jpg
yusukeogura20020903_23,https://images.wear2.jp/coordinate/zaijQaw5/JhDbMF0M/1732926451_276.jpg
yusukeogura20020903_24,https://images.wear2.jp/coordinate/zaijQaw5/LNm81e2c/1740393985_276.jpg
yusukeogura20020903_25,https://images.wear2.jp/coordinate/zaijQaw5/MFeFYg86/1737192297_276.jpg
yusukeogura20020903_26,https://images.wear2.jp/coordinate/zaijQaw5/NtHofgDl/1731654989_276.jpg
yusukeogura20020903_27,https://images.wear2.jp/coordinate/zaijQaw5/O3qZyz6Q/1740395645_276.jpg
yusukeogura20020903_28,https://images.wear2.jp/coordinate/zaijQaw5/OGssQJUb/1734409901_276.jpg
yusukeogura20020903_29,https://images.wear2.jp/coordinate/zaijQaw5/PhMe9q9D/1732450238_276.jpg
yusukeogura20020903_30,https://images.wear2.jp/coordinate/zaijQaw5/Q0YTVyhc/1732927794_276.jpg
yusukeogura20020903_31,https://images.wear2.jp/coordinate/zaijQaw5/QyNdJPaR/1742900515_276.jpg
yusukeogura20020903_32,https://images.wear2.jp/coordinate/zaijQaw5/S2aKAQDq/1742901359_276.jpg
yusukeogura20020903_33,https://images.wear2.jp/coordinate/zaijQaw5/VO6xzjTI/1735641468_276.jpg
yusukeogura20020903_34,https://images.wear2.jp/coordinate/zaijQaw5/VRcStoyZ/1731654730_276.jpg
yusukeogura20020903_35,https://images.wear2.jp/coordinate/zaijQaw5/VWci9M3a/1740216582_276.jpg
yusukeogura20020903_36,https://images.wear2.jp/coordinate/zaijQaw5/Z2wSeSpo/1732451032_276.jpg
yusukeogura20020903_37,https://images.wear2.jp/coordinate/zaijQaw5/Zz5RCQL5/1732925610_276.jpg
yusukeogura20020903_38,https://images.wear2.jp/coordinate/zaijQaw5/aEz1hUAc/1732927614_276.jpg
yusukeogura20020903_39,https://images.wear2.jp/coordinate/zaijQaw5/abuPApc5/1736593061_276.jpg
yusukeogura20020903_40,https://images.wear2.jp/coordinate/zaijQaw5/aobh87Qf/1735641057_276.jpg
yusukeogura20020903_41,https://images.wear2.jp/coordinate/zaijQaw5/bEEm5KcM/1739273390_276.jpg
yusukeogura20020903_42,https://images.wear2.jp/coordinate/zaijQaw5/bqiOuY35/1733976696_276.jpg
yusukeogura20020903_43,https://images.wear2.jp/coordinate/zaijQaw5/dRTdXVSD/1734409387_276.jpg
yusukeogura20020903_44,https://images.wear2.jp/coordinate/zaijQaw5/eBIOnVB8/1737191546_276.jpg
yusukeogura20020903_45,https://images.wear2.jp/coordinate/zaijQaw5/eXsLPFwz/1738555041_276.jpg
yusukeogura20020903_46,https://images.wear2.jp/coordinate/zaijQaw5/gkJGxB4Z/1734219321_276.jpg
yusukeogura20020903_47,https://images.wear2.jp/coordinate/zaijQaw5/hSCLv6Gu/1731654076_276.jpg
yusukeogura20020903_48,https://images.wear2.jp/coordinate/zaijQaw5/i1g4enXO/1732450662_276.jpg
yusukeogura20020903_49,https://images.wear2.jp/coordinate/zaijQaw5/kDzAmJJr/1732926990_276.jpg
yusukeogura20020903_50,https://images.wear2.jp/coordinate/zaijQaw5/lSNVpMRd/1742902173_276.jpg
yusukeogura20020903_51,https://images.wear2.jp/coordinate/zaijQaw5/okFfXxxE/1740615305_276.jpg
yusukeogura20020903_52,https://images.wear2.jp/coordinate/zaijQaw5/pxgF26AG/1733649689_276.jpg
yusukeogura20020903_53,https://images.wear2.jp/coordinate/zaijQaw5/tT7SWMBW/1731653536_276.jpg
yusukeogura20020903_54,https://images.wear2.jp/coordinate/zaijQaw5/u7UGDGnx/1737192015_276.jpg
yusukeogura20020903_55,https://images.wear2.jp/coordinate/zaijQaw5/uqZCg98A/1733975730_276.jpg
yusukeogura20020903_56,https://images.wear2.jp/coordinate/zaijQaw5/vUvXFQrx/1738554794_276.jpg
yusukeogura20020903_57,https://images.wear2.jp/coordinate/zaijQaw5/wZlFG9yC/1742899319_276.jpg
yusukeogura20020903_58,https://images.wear2.jp/coordinate/zaijQaw5/xDmHG4CA/1732928092_276.jpg
yusukeogura20020903_59,https://images.wear2.jp/coordinate/zaijQaw5/z8VanFvD/1742901544_276.jpg
yusukeogura20020903_60,https://images.wear2.jp/coordinate/zaijQaw5/zsGQn3QN/1732927204_276.jpg
