id,user_name,icon_url
rlipwVx5,riho0914,https://images.wear2.jp/profile/rlipwVx5/esnOPkY6/1717473531_640.jpg
EJiWRaL,osayu912abc,https://images.wear2.jp/profile/EJiWRaL/vB5Tsa8Z/1735117297_640.jpg
Mni73lOw,sensenakajima,https://cdn.wimg.jp/profile/zbdysk/20210614202004353_640.jpg
7binY4xl,kuruminn61,https://images.wear2.jp/profile/7binY4xl/X6bnqpkv/1720241651_640.jpg
8BiX8WOY,tyomoki,https://images.wear2.jp/profile/8BiX8WOY/j25TWXtz/1715557148_640.jpg
EJiqj7RD,kyota0245,https://images.wear2.jp/profile/EJiqj7RD/6c4azuGZ/1739180663_640.jpg
MninAyk4,moken,https://cdn.wimg.jp/profile/e5gvvs/20210422190902624_640.jpg
nZizJXW8,1107my,https://images.wear2.jp/profile/nZizJXW8/m0biIIts/1714111268_640.jpg
zaib64wl,misane1209,https://images.wear2.jp/profile/zaib64wl/MuQT1nEj/1710816720_640.jpg
zaijQaw5,yusukeogura20020903,https://images.wear2.jp/profile/zaijQaw5/V62sSXtC/1701199778_640.jpg